,,,,,,,,,,,,,,,,,,,,,,,,,,,,,
Variant,WT3,,,R843A,G848E,,,Y853A,,,Y853D,,,R869Q,,,E870K,,,WT3 Lipid Concentration Titration,,,Y853F-rmGR3 Lipid Concentration Titration,,,WT3,,,N-His WT3
Residues,DOPS,DOPS:DOPC,DOPC,DOPS:DOPC,DOPS,DOPS:DOPC,DOPC,DOPS,DOPS:DOPC,DOPC,DOPS,DOPS:DOPC,DOPC,DOPS,DOPS:DOPC,DOPC,DOPS,DOPS:DOPC,DOPC,WT3 10 mM,WT3 5 mM,WT3 2.5 mM,Y853F 10 mM,Y853F 5 mM,Y853F 2.5 mM,25% DOPS,25% DOPS w/ 30% Cholesterol,25% DOPS w/ 5% Ni-DGS,25% DOPS w/ 5% Ni-DGS
*P830,,,,,,,,,,,,,,,,,,,,,,,,,,,,,
Q831,-0.03010012384,0.02132274164,0.703168982,0.550872687,0.03266847776,0.1170750912,0.5603264865,0.06533266399,0.09345782259,0.954518827,0.0279447756,0.06583349473,1.016198668,0.04584941454,0.01165280066,0.833125591,0.2270290855,0.03659686196,0.5289047598,0.1758589476,0.6785945206,0.7532572237,0.1882335654,0.2999101051,0.3351241241,0.6058016914,0.577249454,1.267211917,
K832,0.009505148315,-0.07848611125,0.638917082,0.5731333693,0.004387415133,0.08087663969,0.6043906034,-0.016065864,0.01531363591,0.9546288471,0.01018879749,0.04914422201,1.001836374,0.2102650473,0.07328519156,0.7010052755,0.02745098944,-0.08062069528,0.3441915777,0.0145524042,0.3524396,0.5928492894,0.3629340679,0.3701903801,0.2354432154,0.5056430301,0.6517794389,1.095078514,
N833,-0.08027555556,-0.07804074566,0.7056422182,0.4046619097,0.1688831282,0.07826917218,0.5546476445,-0.05796348322,0.03048174557,0.8803227759,0.02517672451,0.03569330404,1.046077304,-0.1260194027,-0.002058319406,0.7938055813,0.051228413,0.1120479376,0.612473151,0.280468724,0.7974300077,0.6324968018,0.1701908606,-0.06478954018,0.07942103606,0.5821255992,0.5480059731,1.471564849,-0.02184897103
V834,0.02593194754,0.02384979071,0.6908046045,0.5895180605,0.001026949565,0.1070861437,0.5008407718,0.0035718285,-0.02383012141,1.032726666,0.02611134042,0.04802246865,0.9438479359,0.1354654158,0.3203128982,0.7708012256,0.1850223458,-0.01528869702,0.5494328449,,,,0.09016039148,0.3252005288,0.260455524,0.4547497423,0.3786530474,1.090708377,0.0232176835
V835,-0.05373303582,-0.004492873017,0.7292306906,0.5245432473,-0.05588271422,0.1107329475,0.4672170418,-0.004059362055,0.002224289135,0.9325213823,0.005049703328,0.01419636916,0.8862035062,0.0894640145,0.1371101872,0.641600236,-0.06318874215,-0.01888568741,0.4502879695,0.2024121404,0.07041532332,0.5834313215,-0.103199516,0.129247006,0.2202114407,0.2061629385,0.1736885797,1.155696997,0.005267933941
T836,-0.05576325339,0.01107786848,0.6343803757,0.4051681486,-0.04454011619,0.06814078671,0.6625137955,-0.02101523916,0.06460400243,1.043727052,0.04786376267,0.03480048395,0.9398234309,0.01904394495,0.06184679714,0.6488789506,0.1332573727,0.5081170508,0.545669363,-0.02655130411,0.03843485195,-0.08007462736,0.08388083402,0.1068685327,0.006729725371,0.2521523183,0.4297286609,0.4002288769,0.06132176191
***H837,,,,,,,,,,,,,,,,,,,,,,,,,,,,,
R838,-0.005961736307,-0.04824423318,0.528052295,0.667421577,0.06968736681,-0.03557800787,0.5044365332,0.1119898338,-0.1161358111,0.8544732931,0.007971211016,0.01968168012,0.7541215738,-0.1238652715,-0.1490898423,0.7823230559,-0.1484789963,-0.06443367383,0.2003322858,0.005668585667,0.08136761411,0.2245732485,0.1457472754,-0.0475136736,0.04939274544,0.1555633771,0.3312796881,0.5279564087,0.03475347306
L839,0.13892904,0.01420508159,0.520935385,0.2451023282,0.09466217339,0.1447111689,0.5165502663,0.03149134983,0.03935755345,0.8799731171,0.05144233784,0.03465705571,0.8936891279,0.1467101783,0.1311715737,0.791279771,-0.04523915369,0.2667495294,0.4017728027,0.07138248197,-0.1441089217,0.1583331106,0.2150510845,0.1744654544,-0.006027915158,0.2673333103,0.3429622251,0.4385918363,0.03487307067
H840,-0.01471591582,-0.06923070412,0.3995526267,0.1856349399,0.07375301988,0.1688054218,0.4761649567,-0.08000246655,0.1239607956,0.7291768583,0.01219339466,0.006658350289,0.8870526458,-0.3153887508,-0.1636921938,0.6985877883,-0.2705108625,-0.05594145046,0.1883597537,0.05821199642,-0.08233957603,-0.07937729313,0.1026772499,0.01566178729,0.3128235206,0.09780479714,0.2464483002,0.04447746996,-0.07509058276
L841,0.04321494368,0.03007993496,0.4414713407,0.5261925967,-0.0703327214,0.04267241322,0.477364754,0.01212875535,-0.00716357327,0.8792255528,,,,-0.06324004992,0.2101423113,0.6602100433,0.230633144,0.3035616568,0.5857198659,-0.1518595902,0.4958462761,-0.1420851416,0.0553417313,0.05520223199,0.01264821802,0.1817114901,0.2525154832,0.3863491454,0.06008343622
N842,-0.1072846923,-0.0160866698,0.5599844287,0.2000052371,0.02163127673,-0.1286558312,0.4599331322,-0.176627169,0.1095641407,1.014294463,-0.00649807205,0.001549374901,1.028215657,-0.2214510966,0.1353198054,0.8106808877,-0.1140099963,-0.07850930748,0.4151085962,-0.01442650598,0.04732006395,0.4045886548,0.1839105588,-0.07993966652,0.03834779418,-0.1494885996,0.3004497009,0.1219509418,-0.03460500473
R843,0.07008817843,0.1169325739,0.4624773077,0.9481718255,0.09487867801,-0.004051279339,0.7476690117,-0.1079938521,-0.1382207329,1.034876889,0.01847563398,0.007050716424,0.9393118057,0.2324930867,-0.1710864468,0.8465876642,0.09871870139,0.001879038531,0.3178501182,,,,0.008691909884,-0.02137034379,0.2671602931,0.3635890462,0.15049047,0.1892120053,0.04936784089
F844,-0.003697673709,-0.00603720412,0.5324266248,0.8404304791,-0.01886236279,0.00458121566,0.5075453387,-0.05792049309,0.1137701208,0.8849840179,0.02919594369,0.06398691255,0.9108413979,0.04296808567,0.06727006851,0.7490217812,0.08757125554,0.08120449033,0.5445024182,0.1055923991,-0.193100167,-0.1657523207,0.1703742118,0.08074963053,0.1801087983,0.4089055701,0.2442887036,0.152668469,0.03068657853
S845,-0.005755096926,0.08927310543,0.5284080265,0.449827585,0.0455979196,0.04619160259,0.6152441812,0.01511450035,0.02550547799,0.9639056348,0.0159289424,0.02138705845,0.9493538788,0.1006608065,0.00277630994,0.7161775273,0.1102689726,0.1268172735,0.4482620291,0.1472820382,-0.1449139401,0.03809222376,-0.09651542057,0.04901262745,0.1600677667,0.2752328953,0.2434112667,0.2909523629,0.01256419605
V846,-0.01534797327,0.04607096708,0.5840276405,0.6135385144,-0.01632347758,0.08325434735,0.6091821202,0.1722943836,0.09117056382,0.9507733761,0.04139209588,0.03120868306,0.9714767729,-0.003033986248,0.06473309544,0.6973247206,0.08051648603,-0.1028439781,0.413778308,0.1162038519,0.3899799751,0.3548541731,0.07230716195,0.3001970162,0.09307930603,0.3849055565,0.4020972951,0.45692008,0.05953290072
**S847,,,,,,,,,,,,,,,,,,,,,,,,,,,,,
G848,-0.04117981315,0.01140656146,0.5632561053,0.9503073544,-0.03844310544,-0.030024475,0.6473976415,-0.05904560522,0.02252556481,0.9401195184,-0.004125898679,0.06017931485,1.069877357,0.05202175516,0.2146276806,0.9757630841,-0.1520901093,0.5557533368,0.4216865687,-0.08613706324,0.07157305081,0.5538105034,0.3288134767,0.04211513964,0.1223078558,0.7583535101,0.4531089491,0.7378115134,0.09755379587
T849,-0.02929714841,-0.05276407137,0.5720859251,0.8582122367,0.1087156631,-0.01887909828,0.6746611495,0.02438951577,-0.1017810422,1.079595185,-0.002889375603,0.07358663009,1.032391109,-0.03069428688,0.03341692357,0.9288565216,0.04362569532,0.1188687708,0.7168550431,0.350355076,0.4535134092,0.5893498201,-0.03196026232,0.03798536255,0.1234422674,0.8758712938,0.7886796095,0.8451295394,0.05297772031
A850,0.03450497018,0.07593364415,0.7101922228,1.087443486,0.197894064,0.213062462,0.7914176732,0.07896067821,-0.1155346867,0.9276012845,0.0008058136807,0.1375094546,1.076826754,,,,0.1201098991,-0.1275148147,0.778356434,0.4501771793,0.7676752258,0.6061294954,0.07956013231,0.1154268725,0.5030755297,0.8415916206,0.7870915933,0.9092566022,0.08935267364
T851,0.04563278502,0.0054620003,0.5789839581,0.7851540263,0.1038879731,-0.00681302606,0.7282558653,0.05928383772,0.0932645324,1.123116601,0.01076434179,0.1309338037,1.050439383,-0.04504244651,0.01303569203,0.9397928851,0.06104933671,-0.2041720078,0.7465583544,-0.1799364125,0.7502864119,1.075540292,0.10950198,0.2468181422,0.5576421586,0.8457142771,0.8256885589,0.8766131384,0.04375582031
T852,0.02814716763,0.03048306947,0.6357746249,0.9179771124,0.2465862075,0.1765267192,0.7696680998,-0.008290117977,0.07118663145,1.092581122,0.07379657624,0.1680449752,1.059399712,-0.0457610154,0.08351299527,0.762358289,-0.1487690807,0.1718479609,0.9546811834,0.03563369132,0.5855760516,0.5274974556,,,,1.187148606,0.9014308412,0.9323929672,0.1010579393
Y853,0.02273491084,0.02484084041,0.6683549225,0.9186044545,0.1376271947,0.1781579578,0.8194178202,0.04087221023,0.07469457799,0.9627978354,0.2252215964,0.8913050258,1.133572495,,,,-0.08337121103,0.1471348602,0.834171928,0.2044468573,0.4872932152,0.6375235023,0.1267086896,0.3201575757,0.4555735532,0.9332166395,0.8866467575,0.677759323,0.08036005864
S854,0.05384269052,0.005684293648,0.6169061985,1.00290789,0.08973970753,0.3405715403,0.8958442607,,,,0.3125982093,0.9062838541,1.134807125,0.1505701551,0.4388440236,1.055742796,-0.01828425911,0.09183298849,0.573763418,0.2655946919,0.8252813079,0.9470364344,0.321398106,0.1306341004,0.6886353652,1.098646698,0.7484711788,0.6402860929,0.113623669
Q855,0.1292088843,0.09696064956,0.7003782642,1.271541765,0.02889142523,0.3818360856,1.046541454,0.03809067104,0.07043325611,0.9097236854,,,,0.4027629529,0.6629664622,1.123200733,0.2885407905,-0.08274727201,0.8296897296,0.137650539,0.6140856994,0.6021891855,0.6368161901,0.2180880663,0.6380375266,1.116192286,1.116010303,0.641426423,0.04911224832
**S856,,,,,,,,,,,,,,,,,,,,,,,,,,,,,
S857,0.01926305264,0.09978658664,0.4624641671,1.075496174,0.7327784629,0.7077678092,1.470155286,0.1423201808,0.760625452,1.330354369,0.6178432756,1.057695301,1.159418017,0.1063808111,0.9638561771,1.274078902,-0.01102826925,0.1158363201,0.738588454,0.3041036436,0.7304432267,0.4382114615,0.2152659158,0.8795113673,0.6536247975,0.9913788137,1.204458078,,0.1138816906
A858,0.08842633001,0.1273555304,0.6476164376,1.141418424,0.3523170405,0.4439340787,0.9003974431,0.2412477832,0.5123180463,1.238055581,0.5906687636,1.005235296,1.119751549,0.3624464453,0.7442555015,0.8859161415,-0.07994545805,0.2007006519,1.004038382,0.6855851065,0.6209346611,0.8697569016,0.585945331,1.018657565,0.8995580051,1.09321356,0.9613366216,0.6260143529,0.03607101611
S859,0.1283466388,0.1537851518,0.6107147399,0.8008428836,0.4322609451,0.5506921473,1.003585485,0.3789106281,0.4306254575,1.05246772,0.5958865253,1.012159412,1.128885781,0.444211598,0.8304184764,1.102521739,0.034877855,0.07958737917,0.7865149774,0.636169319,1.012568573,1.124419294,0.6079498107,0.6393514962,0.7347694109,0.8845791974,0.943368459,0.6993967496,0.04794474909
T860,0.03346578395,0.126720718,0.6379607272,1.217455171,0.5477347572,0.7026250936,1.091462539,0.6185220058,0.3591913856,1.015695236,0.6212854829,0.9948786792,1.094272616,0.6506380886,0.951833895,1.030942728,0.1539407059,0.001229790917,0.7799061256,0.592037384,0.5625561659,0.9200268351,,,,1.181171248,0.9921396979,0.5958033761,0.07450803669
Y861,0.07519827844,0.2818622774,0.6529264833,0.7780399024,0.3882521916,0.469139654,0.9549552676,0.3890344091,0.4759658229,1.144915988,0.6254064447,0.9486030114,1.076748194,0.5094870034,0.8338093696,1.008838872,0.03875369077,0.1226984542,0.6682488867,0.4548488829,0.7199036515,0.5633335435,0.5679058002,1.035938524,1.058314492,1.022980169,1.019463072,0.6242526461,0.2721069917
V862,0.1338608378,0.0905291998,0.5708859511,1.015374359,0.553601774,0.6209142449,1.018084858,0.5702259738,0.2318471942,1.192345541,0.4541745037,0.9189834076,1.033213884,0.479860493,0.8182550502,0.8310276986,0.1496534453,0.2103545198,0.7563547802,0.5184091648,0.4954080301,0.7245150997,0.5489655163,0.7223525178,0.8326951319,1.18254764,1.032346457,0.8087503397,0.3371815531
*P863,,,,,,,,,,,,,,,,,,,,,,,,,,,,,
T864,0.3878075963,0.438711011,0.7982116387,0.7780633852,0.8617840233,0.8905076246,1.028318983,0.7140613717,0.766430098,1.490340557,0.7238701624,0.9574488865,1.046748762,0.6584576399,0.830818095,1.034879107,0.06625232879,0.1849320494,0.8313684467,1.084966773,1.02745518,1.122676276,0.9794265295,0.9801643696,1.361257941,1.129901285,1.080695095,1.076597714,0.05182827258
V865,0.4190487969,0.3816687485,0.7207740766,1.04873407,0.6417843417,0.7726265794,0.8877329983,0.207198451,0.3201114439,0.8975721216,0.6820187533,0.9458371488,1.083539477,0.6892828275,0.897560524,1.126101907,0.01811501842,0.09350633472,0.8671807803,0.6820505143,1.062940727,1.300148219,0.7701398791,0.9660568168,0.9022525978,1.235196628,1.215459774,0.9903364666,0.2406990887
A866,0.6422618781,0.4969872912,0.7804644406,1.196826606,0.799133941,0.9121635616,1.134273803,1.176292203,0.8851467635,1.280382758,0.8769643265,0.9956493299,1.082876776,1.112969067,1.110988404,1.202941743,0.00238417391,0.13786165,1.109068949,0.9743246612,1.062794828,1.229302072,0.9688285256,0.815513559,0.9259784993,1.317874443,1.183631472,0.9662175351,0.3987688397
N867,0.6687665392,0.573131234,0.6318419101,1.251798462,0.9524148396,1.232700053,1.07042278,0.916149357,0.8668027907,0.824620247,0.9846182676,1.049663923,1.111141366,1.0721547,1.025655224,1.264645281,,,,0.7697969475,0.9962330583,0.9685598648,0.8563245897,0.7756512407,0.8707680008,1.357142231,0.9316968427,1.180106931,0.3130751266
G868,0.6503132594,0.657662679,0.6292028476,0.9266338826,0.8782152387,0.882934845,0.9726722585,0.8045169034,0.8312142386,1.335127458,0.9030892873,1.025994819,1.096075376,1.161419682,1.1806907,1.325262246,-0.02032443039,0.2873361225,0.687541163,0.8891473984,1.074709047,0.980612367,1.085490233,0.7375701138,0.8418271213,1.187106657,1.224742334,1.167983438,0.3683806818
R869,0.6494713228,0.5434799266,0.6864631711,1.118993464,0.6934194177,0.8172204983,1.055240857,0.7422173869,0.7740074813,1.130558089,0.8118913172,0.9648640397,1.064487474,1.012326666,0.9811126472,1.224884397,0.09793557195,0.01360792674,0.7994513131,0.7048699326,0.8887785817,1.126426323,0.8807391531,1.011038854,0.8931794799,1.055212562,1.128084858,1.022823594,0.3476331588
E870,0.6162685979,0.5017766184,0.7193339827,1.088570319,0.7303014728,0.7962270837,0.9839282196,0.9665340532,1.030892084,1.097151697,0.8770589891,0.9930344185,1.052537983,0.9277274971,1.110598292,0.9311833965,0.1545329354,0.4819456943,0.9257979046,0.9730675859,0.9249108815,1.080925365,0.7467042913,0.8147786761,0.8605132376,1.184709957,1.035093681,1.001277064,0.1801524518
V871,0.6055603569,0.60004106,0.7507808432,1.118541429,0.9025358229,0.8424871135,0.9934400767,0.8831648475,0.6669391916,0.9866815967,0.7549829269,0.9088950974,1.029019043,,,,,,,0.855304399,0.8099088871,0.978664474,0.7520994246,0.895401054,0.8934562966,1.003680988,0.9815492846,0.9945596822,0.3672128434
L872,0.6477353001,0.5810510971,0.7479941287,1.040181935,0.8463357463,0.8732057766,1.083686192,0.3681154648,0.4656094999,1.18275439,0.7454357526,0.9492125424,1.063099996,,,,0.1134303857,-0.03696836374,0.7896249118,0.9017287499,0.8332734535,0.9971917287,0.9377646925,0.9716597058,0.9588884815,1.032992401,0.9771292965,0.9092566022,0.303529355
D873,0.6492684698,0.6873038673,0.7375212263,1.123880187,0.8083338144,0.9459405548,1.006462934,0.9580655176,0.9740606806,0.8352085226,0.8920164211,1.01045234,1.086332751,0.8680497152,0.9664613006,1.075829897,0.2331822781,0.1242389995,0.9598283004,1.111830426,1.047292265,1.166192684,0.9439668538,1.147620983,0.9510124927,1.32791772,1.098147965,1.110662991,0.2323780831
**S874,,,,,,,,,,,,,,,,,,,,,,,,,,,,,
T875,0.7849665287,0.7201418133,0.7328890854,1.007992603,0.9038908829,1.091348127,1.108549728,1.318346277,1.070314128,1.114811425,0.9454814415,1.039260227,1.088346065,1.03710625,0.9540317962,1.080293177,0.2424287181,0.2761613032,0.739511504,1.215952699,1.235910938,1.255044366,0.9884068657,0.9123797475,0.9474152751,0.9855802008,1.080695095,1.099565358,0.4000997018
T876,0.72456006,0.635810067,0.7112670385,1.135525864,0.8884508061,0.9444304524,1.007762893,0.7778591475,0.9874245094,1.19456994,0.9805953066,1.032466917,1.084910888,1.047625142,1.077814971,1.18420546,0.4490198613,0.3926825597,0.9701174294,0.8241097696,1.004409195,0.8838233262,0.9355461917,1.193316752,0.9732214083,1.235196628,1.21545977,1.036685282,0.3329812714
S877,0.7477004355,0.8234261122,0.7817005456,1.333447018,0.8368426462,0.9194561711,0.9425880688,1.259213059,1.3533919,1.25691164,0.94847493,1.054573008,1.132950455,1.041604372,1.319271621,1.126020912,0.2714818997,0.561409761,1.011427545,1.120381033,0.8337955607,1.151306074,1.035330073,1.038140848,0.9775704251,1.317874443,1.183631472,0.7242659293,0.347617915
**S878,,,,,,,,,,,,,,,,,,,,,,,,,,,,,
L879,0.7041894813,0.7032818064,0.6813052775,1.100892924,0.8979971565,0.9782010936,1.087566523,0.8396674884,0.9558688797,0.7814037714,0.9399283171,0.9882911604,1.052712192,0.992507742,0.9279542184,1.041559484,0.3498760401,0.449706517,0.8012704843,0.795942316,0.8601393568,1.019188005,1.012436134,0.9871344331,1.102141111,1.113706871,1.012501751,0.7620437297,0.2925475571